{
    "name": "A. Cole",
    "country": "England",
    "fullname": "Unknown",
    "source": "http://www.espncricinfo.com/ci/content/player/11217.html Cricinfo ",
    "FC": {
        "matches": "3",
        "runs": "45",
        "bat avg": "7.50",
        "100s/50s": "&ndash;/&ndash;",
        "top score": "21",
        "deliveries": "121",
        "wickets": "3",
        "bowl avg": "17.00",
        "fivefor": "&ndash;",
        "tenfor": "&ndash;",
        "best bowling": "3/29",
        "catches/stumpings": "&ndash;/&ndash;"
    },
    "clubs": {
        "United London Eleven": "1879",
        "Middlesex": "1879"
    }
}