{
    "name": "A.G. Kripal Singh",
    "fullname": "Amritsar Govindsingh Kripal Singh or George Arnold",
    "birth_place": "Madras, Madras State, British India",
    "death_date": "df=yes",
    "death_place": "Chennai, Tamil Nadu, India",
    "family": "A. G. Ram Singh (father) A. G. Milkha Singh (brother) Arjan Kripal Singh (son)",
    "batting": "Right-handed",
    "bowling": "Right-arm Right-arm off-break",
    "country": "India",
    "testdebutfor": "India",
    "testcap": "75",
    "testdebutagainst": "New Zealand",
    "testdebutdate": "19 November",
    "testdebutyear": "1955",
    "lasttestdate": "27 October",
    "lasttestfor": "India",
    "lasttestagainst": "Australia",
    "lasttestyear": "1964",
    "source": "http://www.espncricinfo.com/india/content/player/30132.html Cricinfo",
    "Tests": {
        "matches": "14",
        "runs": "422",
        "bat avg": "28.13",
        "100s/50s": "1/2",
        "deliveries": "1,518",
        "wickets": "10",
        "bowl avg": "58.40",
        "fivefor": "-",
        "tenfor": "-",
        "best bowling": "3/43",
        "catches/stumpings": "4"
    },
    "First-class": {
        "matches": "96",
        "runs": "4,939",
        "bat avg": "40.81",
        "100s/50s": "10/24",
        "top score": "208",
        "deliveries": "13,183",
        "wickets": "177",
        "bowl avg": "28.41",
        "fivefor": "3",
        "tenfor": "1",
        "best bowling": "6/14",
        "catches/stumpings": "57"
    },
    "clubs": {}
}