{
    "name": "A. H. Hornby",
    "country": "England",
    "fullname": "Albery Henry Hornby",
    "birth_place": "Church Minshull, Cheshire, England",
    "death_date": "6 September 1952 (aged 75)",
    "death_place": "North Kilworth, Leicestershire, England",
    "batting": "Right-handed",
    "family": "A. N. Hornby (father)",
    "source": "http://www.espncricinfo.com/england/content/player/14946.html CricInfo ",
    "First-class": {
        "matches": "292",
        "runs": "9,784",
        "bat avg": "24.58",
        "100s/50s": "8/56",
        "top score": "129",
        "deliveries": "269",
        "wickets": "3",
        "bowl avg": "89.66",
        "fivefor": "0",
        "tenfor": "0",
        "best bowling": "1/13",
        "catches/stumpings": "217/2"
    },
    "clubs": {
        "Lancashire County Cricket Club": "1899\u20131914"
    }
}