{
    "name": "A. J. Webbe",
    "birth_place": "Bethnal Green, London, England",
    "death_date": "1941",
    "death_place": "Fulvens Farm, Hoe, Abinger Hammer, Surrey, England",
    "batting": "Right-handed",
    "bowling": "Right-arm Right-arm fast",
    "heightft": "5",
    "heightinch": "8",
    "country": "England",
    "testdebutagainst": "Australia",
    "testdebutdate": "2 January",
    "testdebutyear": "1879",
    "onetest": "true",
    "source": "http://content.cricinfo.com/england/content/player/22349.html CricInfo",
    "Test": {
        "matches": "1",
        "runs": "4",
        "bat avg": "2.00",
        "100s/50s": "0/0",
        "top score": "4",
        "deliveries": "\u2013",
        "wickets": "\u2013",
        "bowl avg": "\u2013",
        "fivefor": "\u2013",
        "tenfor": "\u2013",
        "best bowling": "\u2013",
        "catches/stumpings": "2/0"
    },
    "First-class": {
        "matches": "370",
        "runs": "14,465",
        "bat avg": "24.81",
        "100s/50s": "14/60",
        "deliveries": "7,699",
        "wickets": "109",
        "bowl avg": "25.21",
        "fivefor": "2",
        "tenfor": "0",
        "best bowling": "5/23",
        "catches/stumpings": "229/10"
    },
    "clubs": {},
    "birth_date": "1855-1-16"
}