{
    "name": "A. P. M. Gopalakrishnan",
    "country": "India",
    "fullname": "Adiyeri Ponnambath Mambilly Gopalakrishnan",
    "birth_place": "Tellicherry, Madras Presidency,, British India",
    "batting": "Right-handed",
    "bowling": "Right-arm off Right-arm off spin",
    "family": "P. M. Raghavan (father), P. M. Anandan (uncle), P. M. K. Mohandas (cousin), P. M. K. Raghunath (cousin)",
    "source": "https://cricketarchive.com/Archive/Players/35/35764/35764.html CricketArchive ",
    "FC": {
        "matches": "10",
        "runs": "110",
        "bat avg": "6.87",
        "100s/50s": "0/0",
        "top score": "33",
        "deliveries": "456",
        "wickets": "2",
        "bowl avg": "132.00",
        "fivefor": "0",
        "tenfor": "0",
        "best bowling": "1/45",
        "catches/stumpings": "1/\u2013"
    },
    "clubs": {
        "Kerala": "1969\u20131972"
    },
    "birth_date": "1947-1-3"
}