{
    "name": "A I Harrsha",
    "birth_place": "Chennai, India",
    "batting": "Right-handed",
    "bowling": "Right-arm off Right-arm off break",
    "source": "http://www.espncricinfo.com/ci/content/player/477047.html Cricinfo ",
    "FC": {
        "matches": "1",
        "runs": "5",
        "bat avg": "\u2013",
        "100s/50s": "0/0",
        "deliveries": "222",
        "wickets": "2",
        "bowl avg": "49.50",
        "fivefor": "0",
        "tenfor": "0",
        "best bowling": "2/99",
        "catches/stumpings": "0/\u2013"
    },
    "clubs": {
        "Hyderabad": "2015-present"
    },
    "birth_date": "1990-12-08"
}