{
    "name": "Aamer Sajjad",
    "country": "Pakistan",
    "birth_place": "Lahore, Punjab, Pakistan",
    "batting": "Right-handed",
    "bowling": "Right-arm Right-arm off-spin",
    "source": "https://www.espncricinfo.com/player/aamer-sajjad-39324 Cricinfo",
    "FC": {
        "matches": "163",
        "runs": "9168",
        "bat avg": "38.68",
        "100s/50s": "17/50",
        "top score": "289",
        "deliveries": "903",
        "wickets": "5",
        "bowl avg": "106.80",
        "fivefor": "0",
        "tenfor": "0",
        "best bowling": "2/30",
        "catches/stumpings": "123/\u2013"
    },
    "List A": {
        "matches": "104",
        "runs": "3017",
        "bat avg": "36.34",
        "100s/50s": "3/17",
        "deliveries": "389",
        "wickets": "10",
        "bowl avg": "30.20",
        "fivefor": "0",
        "tenfor": "n/a",
        "best bowling": "2/23",
        "catches/stumpings": "42/\u2013"
    },
    "clubs": {
        "Lahore Whites": "2001\u201302 to 2004\u201305",
        "Water and Power Development Authority": "2004\u201305 to 2015\u201316",
        "Lahore Shalimar": "2005\u201306 to 2012\u201313"
    },
    "birth_date": "1981-2-5"
}