{
    "name": "Aamer Malik",
    "birth_place": "Mandi Bahauddin, Punjab",
    "country": "Pakistan",
    "batting": "Right-hand bat",
    "bowling": "Right-arm Right-arm fast-medium",
    "internationalspan": "1987-1994",
    "testdebutdate": "7 December",
    "testdebutyear": "1987",
    "testdebutagainst": "England",
    "testcap": "108",
    "lasttestdate": "5 October",
    "lasttestyear": "1994",
    "lasttestagainst": "Australia",
    "odidebutdate": "18 March",
    "odidebutyear": "1988",
    "odidebutagainst": "West Indies",
    "odicap": "65",
    "lastodidate": "14 October",
    "lastodiyear": "1994",
    "lastodiagainst": "Australia",
    "source": "http://www.espncricinfo.com/ci/content/player/38965.html ESPNCricinfo ",
    "Test": {
        "matches": "14",
        "runs": "565",
        "bat avg": "35.31",
        "100s/50s": "2/3",
        "top score": "117",
        "deliveries": "156",
        "wickets": "1",
        "bowl avg": "89.00",
        "fivefor": "\u2013",
        "tenfor": "\u2013",
        "best bowling": "1/0",
        "catches/stumpings": "15/1"
    },
    "ODI": {
        "matches": "24",
        "runs": "556",
        "bat avg": "25.27",
        "100s/50s": "-/5",
        "top score": "90",
        "deliveries": "120",
        "wickets": "3",
        "bowl avg": "28.66",
        "fivefor": "\u2013",
        "tenfor": "n/a",
        "best bowling": "2/35",
        "catches/stumpings": "13/3"
    },
    "clubs": {},
    "birth_date": "3 January 1963"
}