{
    "name": "Aaqib Javed",
    "country": "Pakistan",
    "nickname": "Aaqib",
    "birth_place": "Sheikhupura, Punjab, Pakistan",
    "height": "6 ft",
    "internationalspan": "1988\u20131998",
    "testdebutdate": "10 February",
    "testdebutyear": "1989",
    "testdebutagainst": "New Zealand",
    "testcap": "109",
    "lasttestdate": "27 November",
    "lasttestyear": "1998",
    "lasttestagainst": "Zimbabwe",
    "odidebutdate": "10 December",
    "odidebutyear": "1988",
    "odidebutagainst": "West Indies",
    "odicap": "67",
    "lastodidate": "24 November",
    "lastodiyear": "1998",
    "lastodiagainst": "Zimbabwe",
    "coachclub1": "United Arab Emirates",
    "coachyear1": "2012\u20132016",
    "batting": "Right-handed",
    "bowling": "Right-arm Right-arm fast-medium",
    "source": "http://www.espncricinfo.com/ci/content/player/38970.html Cricinfo ",
    "Test": {
        "matches": "22",
        "runs": "101",
        "bat avg": "5.05",
        "100s/50s": "0/0",
        "deliveries": "3,918",
        "wickets": "54",
        "bowl avg": "34.70",
        "fivefor": "1",
        "tenfor": "0",
        "best bowling": "5/84",
        "catches/stumpings": "2/\u2013"
    },
    "ODI": {
        "matches": "163",
        "runs": "267",
        "bat avg": "10.68",
        "100s/50s": "0/0",
        "deliveries": "8,012",
        "wickets": "182",
        "bowl avg": "31.43",
        "fivefor": "4",
        "tenfor": "0",
        "best bowling": "7/37",
        "catches/stumpings": "24/\u2013"
    },
    "FC": {
        "matches": "121",
        "runs": "819",
        "bat avg": "9.41",
        "100s/50s": "0/1",
        "top score": "65",
        "deliveries": "19,267",
        "wickets": "358",
        "bowl avg": "26.66",
        "fivefor": "19",
        "tenfor": "5",
        "best bowling": "9/51",
        "catches/stumpings": "19/\u2013"
    },
    "LA": {
        "matches": "250",
        "runs": "469",
        "bat avg": "9.97",
        "100s/50s": "0/0",
        "deliveries": "12,212",
        "wickets": "289",
        "bowl avg": "30.14",
        "fivefor": "5",
        "tenfor": "0",
        "best bowling": "7/37",
        "catches/stumpings": "43/\u2013"
    },
    "clubs": {
        "Lahore Division": "1984/85\u20131986/87",
        "Pakistan Automobiles Corporation": "1989/90\u20131991/92",
        "Hampshire": "1991",
        "Islamabad": "1993/94\u20131996/97",
        "Allied Bank Limited": "1994/95\u20132002/03",
        "Sheikhupura": "2000/01"
    },
    "birth_date": "1972-8-5"
}