{
    "country": "England",
    "fullname": "Aaron Francis Jeavons",
    "nickname": "Jeavo url=http://www.espncricinfo.com/ci/content/player/460860.html",
    "birth_place": "Stafford, Staffordshire, England",
    "batting": "Left-handed",
    "bowling": "Right-arm off Right-arm off break",
    "source": "http://www.espncricinfo.com/ci/content/player/460860.html Cricinfo ",
    "First-class": {
        "matches": "1",
        "runs": "66",
        "bat avg": "33.00",
        "100s/50s": "&ndash;/1",
        "top score": "62",
        "deliveries": "&ndash;",
        "wickets": "&ndash;",
        "bowl avg": "&ndash;",
        "fivefor": "&ndash;",
        "tenfor": "&ndash;",
        "best bowling": "&ndash;",
        "catches/stumpings": "1/&ndash;"
    },
    "clubs": {
        "Staffordshire": "2010&ndash;present",
        "Oxford MCCU": "2010"
    },
    "birth_date": "1989-4-23"
}