{
    "name": "Aaron Heywood",
    "country": "Ireland",
    "fullname": "Aaron Heywood",
    "type1": "Twenty20",
    "debutdate1": "11 August",
    "debutyear1": "2017",
    "debutfor1": "North West",
    "debutagainst1": "Northern",
    "source": "http://www.espncricinfo.com/ci/content/player/1111992.html Cricinfo ",
    "Twenty20": {
        "matches": "1",
        "runs": "\u2013",
        "bat avg": "\u2013",
        "100s/50s": "\u2013",
        "top score": "\u2013",
        "deliveries": "12",
        "wickets": "0",
        "bowl avg": "\u2013",
        "fivefor": "\u2013",
        "tenfor": "\u2013",
        "best bowling": "\u2013",
        "catches/stumpings": "0/\u2013"
    },
    "clubs": {
        "North West Warriors": "2017\u2013present"
    }
}