{
    "name": "Aaron Gillespie",
    "country": "Ireland",
    "batting": "Right-handed",
    "bowling": "Right-arm Right-arm medium",
    "type1": "FC",
    "debutdate1": "30 May",
    "debutyear1": "2017",
    "debutfor1": "North West",
    "debutagainst1": "Northern",
    "type2": "LA",
    "debutdate2": "29 May",
    "debutyear2": "2017",
    "debutfor2": "North West",
    "debutagainst2": "Northern",
    "source": "http://www.espncricinfo.com/ci/content/player/526446.html Cricinfo ",
    "FC": {
        "matches": "9",
        "runs": "250",
        "bat avg": "19.23",
        "100s/50s": "0/2",
        "top score": "57",
        "deliveries": "60",
        "wickets": "2",
        "bowl avg": "13.50",
        "fivefor": "0",
        "tenfor": "0",
        "best bowling": "2/12",
        "catches/stumpings": "6/\u2013"
    },
    "LA": {
        "matches": "8",
        "runs": "89",
        "bat avg": "14.83",
        "100s/50s": "0/1",
        "top score": "54",
        "deliveries": "12",
        "wickets": "2",
        "bowl avg": "7.00",
        "fivefor": "0",
        "tenfor": "0",
        "best bowling": "2/14",
        "catches/stumpings": "2/\u2013"
    },
    "T20": {
        "matches": "10",
        "runs": "165",
        "bat avg": "20.62",
        "100s/50s": "0/1",
        "deliveries": "\u2013",
        "wickets": "\u2013",
        "bowl avg": "\u2013",
        "fivefor": "\u2013",
        "tenfor": "\u2013",
        "best bowling": "\u2013",
        "catches/stumpings": "1/\u2013"
    },
    "clubs": {
        "North West Warriors": "2015\u2013present"
    },
    "birth_date": "1997-3-13"
}