{
    "name": "Aaron Heal",
    "country": "Australia",
    "fullname": "Aaron Keith Heal",
    "birth_place": "Armadale, Western Australia",
    "batting": "Left-handed",
    "bowling": "Slow left-arm Slow left-arm orthodox",
    "source": "https://cricketarchive.com/Archive/Players/45/45480/45480.html CricketArchive ",
    "FC": {
        "matches": "10",
        "runs": "439",
        "bat avg": "20.90",
        "100s/50s": "0/4",
        "deliveries": "3,507",
        "wickets": "36",
        "bowl avg": "51.05",
        "fivefor": "2",
        "tenfor": "1",
        "best bowling": "5/57",
        "catches/stumpings": "7/\u2013"
    },
    "LA": {
        "matches": "36",
        "runs": "250",
        "bat avg": "13.88",
        "100s/50s": "0/1",
        "top score": "50",
        "deliveries": "1,874",
        "wickets": "40",
        "bowl avg": "37.92",
        "fivefor": "0",
        "tenfor": "0",
        "best bowling": "4/58",
        "catches/stumpings": "7/\u2013"
    },
    "T20": {
        "matches": "23",
        "runs": "54",
        "bat avg": "6.00",
        "100s/50s": "0/0",
        "top score": "13",
        "deliveries": "490",
        "wickets": "26",
        "bowl avg": "22.15",
        "fivefor": "0",
        "tenfor": "0",
        "best bowling": "2/13",
        "catches/stumpings": "5/\u2013"
    },
    "clubs": {
        "Western Australia": "2003/04\u20132010/11",
        "Melbourne Renegades": "2011/12"
    },
    "birth_date": "1983-3-13"
}