{
    "name": "Aashish Kapoor",
    "country": "India",
    "birth_place": "Madras, Tamil Nadu, India",
    "batting": "Right-handed",
    "bowling": "Right-arm Right-arm off-break",
    "testdebutdate": "10 December",
    "testdebutyear": "1994",
    "testdebutagainst": "West Indies",
    "testcap": "201",
    "lasttestdate": "8 December",
    "lasttestyear": "1996",
    "lasttestagainst": "South Africa",
    "odidebutdate": "22 February",
    "odidebutyear": "1995",
    "odidebutagainst": "Australia",
    "odicap": "92",
    "lastodidate": "14 December",
    "lastodiyear": "2000",
    "lastodiagainst": "Zimbabwe",
    "source": "http://content-aus.cricinfo.com/ci/content/player/30030.html CricInfo ",
    "Test": {
        "matches": "4",
        "runs": "97",
        "bat avg": "19.39",
        "100s/50s": "0/0",
        "top score": "42",
        "deliveries": "642",
        "wickets": "6",
        "bowl avg": "42.50",
        "fivefor": "0",
        "tenfor": "0",
        "best bowling": "2/19",
        "catches/stumpings": "1/\u2013"
    },
    "ODI": {
        "matches": "17",
        "runs": "43",
        "bat avg": "7.16",
        "100s/50s": "0/0",
        "top score": "19",
        "deliveries": "900",
        "wickets": "8",
        "bowl avg": "76.50",
        "fivefor": "0",
        "tenfor": "0",
        "best bowling": "2/33",
        "catches/stumpings": "1/\u2013"
    },
    "FC": {
        "matches": "128",
        "runs": "3,449",
        "bat avg": "24.63",
        "100s/50s": "3/19",
        "top score": "181",
        "deliveries": "26,220",
        "wickets": "398",
        "bowl avg": "31.93",
        "fivefor": "17",
        "tenfor": "4",
        "best bowling": "7/59",
        "catches/stumpings": "82/\u2013"
    },
    "LA": {
        "matches": "93",
        "runs": "801",
        "bat avg": "14.56",
        "100s/50s": "0/1",
        "top score": "57",
        "deliveries": "4,781",
        "wickets": "86",
        "bowl avg": "35.39",
        "fivefor": "1",
        "tenfor": "0",
        "best bowling": "5/38",
        "catches/stumpings": "15/\u2013"
    },
    "clubs": {},
    "birth_date": "1971-3-25"
}