{
    "country": "Cayman Islands",
    "fullname": "Abali Hoilett",
    "birth_place": "Bahamas",
    "batting": "Right-handed",
    "bowling": "Right-arm off Right-arm off break",
    "source": "http://www.espncricinfo.com/ci/content/player/217940.html Cricinfo ",
    "First-class": {
        "matches": "1",
        "runs": "16",
        "bat avg": "8.00",
        "100s/50s": "&ndash;/&ndash;",
        "top score": "16",
        "deliveries": "&ndash;",
        "wickets": "&ndash;",
        "bowl avg": "&ndash;",
        "fivefor": "&ndash;",
        "tenfor": "&ndash;",
        "best bowling": "&ndash;",
        "catches/stumpings": "1/&ndash;"
    },
    "clubs": {},
    "birth_date": "1983-4-26"
}