{
    "name": "Abbas Khan",
    "country": "India",
    "fullname": "Abbas Khan Lodhi",
    "death_date": "27 January 2002 (aged 90)",
    "death_place": "Karachi, Pakistan",
    "source": "https://cricketarchive.com/Archive/Players/38/38005/38005.html ",
    "First class": {
        "matches": "29",
        "runs": "635",
        "bat avg": "13.80",
        "100s/50s": "0/2",
        "top score": "84",
        "deliveries": "0",
        "wickets": "0",
        "bowl avg": "-",
        "fivefor": "0",
        "tenfor": "0",
        "best bowling": "-",
        "catches/stumpings": "18/14"
    },
    "clubs": {}
}