{
    "name": "Abdul Aziz Khan",
    "fullname": "Abdul Aziz Khan",
    "country": "India",
    "birth_place": "India",
    "source": "https://www.espncricinfo.com/cricketers/abdul-aziz-26591 ESPNcricinfo ",
    "FC": {
        "matches": "13",
        "runs": "162",
        "bat avg": "7.36",
        "100s/50s": "0/0",
        "top score": "74",
        "deliveries": "1,574",
        "wickets": "45",
        "bowl avg": "17.66",
        "fivefor": "1",
        "tenfor": "-",
        "best bowling": "7/58",
        "catches/stumpings": "8/0"
    },
    "clubs": {}
}