{
    "name": "Abdul Latif",
    "country": "Pakistan",
    "fullname": "Mohammad Abdul Latif",
    "birth_place": "Kamptee, Maharashtra, India",
    "batting": "Right-handed",
    "bowling": "Right-arm Right-arm leg-spin",
    "source": "https://cricketarchive.com/Archive/Players/42/42578/42578.html Cricket Archive",
    "First-class": {
        "matches": "36",
        "runs": "1596",
        "bat avg": "28.00",
        "100s/50s": "3/6",
        "deliveries": "1947",
        "wickets": "45",
        "bowl avg": "22.84",
        "fivefor": "4",
        "tenfor": "2",
        "best bowling": "7/19",
        "catches/stumpings": "26/\u2013"
    },
    "clubs": {
        "East Pakistan": "1956\u201357 to 1970\u201371",
        "Dacca": "1964\u201365 to 1965\u201366"
    },
    "birth_date": "1939-11-10"
}