{
    "name": "Abdul Jabbar",
    "country": "Canada",
    "fullname": "Abdul Jabbar Chaudrey",
    "birth_place": "Rawalpindi, Punjab, Pakistan",
    "batting": "Right-handed",
    "bowling": "Right-arm Right-arm medium",
    "odidebutdate": "18 October",
    "odidebutyear": "2007",
    "odidebutagainst": "Kenya",
    "odicap": "48",
    "lastodidate": "20 October",
    "lastodiyear": "2007",
    "lastodiagainst": "Kenya",
    "source": "http://www.espncricinfo.com/ci/content/player/313526.html ESPNcricinfo ",
    "ODI": {
        "matches": "2",
        "runs": "59",
        "bat avg": "29.50",
        "100s/50s": "0/0",
        "top score": "44",
        "deliveries": "\u2013",
        "wickets": "\u2013",
        "bowl avg": "\u2013",
        "fivefor": "\u2013",
        "tenfor": "\u2013",
        "best bowling": "\u2013",
        "catches/stumpings": "1/\u2013"
    },
    "First-class": {
        "matches": "3",
        "runs": "70",
        "bat avg": "11.66",
        "100s/50s": "0/0",
        "top score": "49",
        "deliveries": "12",
        "wickets": "0",
        "bowl avg": "\u2013",
        "fivefor": "\u2013",
        "tenfor": "\u2013",
        "best bowling": "\u2013",
        "catches/stumpings": "1/\u2013"
    },
    "clubs": {},
    "birth_date": "1983-3-1"
}