{
    "country": "Kenya",
    "fullname": "Abdul Tashfin Rehman",
    "birth_place": "Lahore, Punjab, Pakistan",
    "batting": "Right-handed",
    "bowling": "Right-arm off Right-arm off break",
    "source": "http://www.espncricinfo.com/ci/content/player/342689.html Cricinfo ",
    "Twenty20": {
        "matches": "4",
        "runs": "11",
        "bat avg": "5.50",
        "100s/50s": "\u2013/\u2013",
        "top score": "6",
        "deliveries": "84",
        "wickets": "5",
        "bowl avg": "18.40",
        "fivefor": "\u2013",
        "tenfor": "\u2013",
        "best bowling": "3/21",
        "catches/stumpings": "\u2013/\u2013"
    },
    "clubs": {},
    "birth_date": "1980-6-23"
}