{
    "name": "Abdul Hai",
    "country": "India",
    "fullname": "Mohammad Abdul Hai",
    "source": "https://cricketarchive.com/Archive/Players/38/38011/38011.html CricketArchive ",
    "First-class": {
        "matches": "72",
        "runs": "3215",
        "bat avg": "34.56",
        "100s/50s": "4/14",
        "deliveries": "1625",
        "wickets": "18",
        "bowl avg": "38.44",
        "fivefor": "0",
        "tenfor": "0",
        "best bowling": "4/33",
        "catches/stumpings": "59/0"
    },
    "List A": {
        "matches": "11",
        "runs": "469",
        "bat avg": "42.63",
        "100s/50s": "1/3",
        "top score": "101",
        "deliveries": "150",
        "wickets": "3",
        "bowl avg": "36",
        "fivefor": "0",
        "tenfor": "0",
        "best bowling": "2/46",
        "catches/stumpings": "4/0"
    },
    "clubs": {}
}