{
    "name": "Abdur Raqib",
    "birth_place": "Gorakhpur",
    "batting": "Right-handed",
    "bowling": "Slow left-arm Slow left-arm orthodox",
    "source": "https://cricketarchive.com/Archive/Players/41/41512/41512.html CricketArchive",
    "First-class": {
        "matches": "157",
        "runs": "1,066",
        "bat avg": "9.96",
        "100s/50s": "0/1",
        "deliveries": "34,820",
        "wickets": "643",
        "bowl avg": "21.61",
        "fivefor": "39",
        "tenfor": "9",
        "best bowling": "8/62",
        "catches/stumpings": "119/\u2013"
    },
    "List A": {
        "matches": "31",
        "runs": "31",
        "bat avg": "4.42",
        "100s/50s": "0/0",
        "top score": "10",
        "deliveries": "1.380",
        "wickets": "40",
        "bowl avg": "22.95",
        "fivefor": "0",
        "tenfor": "0",
        "best bowling": "4/29",
        "catches/stumpings": "7/\u2013"
    },
    "clubs": {},
    "birth_date": "18 November 1947"
}