{
    "name": "Abdul Razak",
    "fullname": "Abdul Hack Razak",
    "birth_place": "Durban, Natal, South Africa",
    "batting": "Right-handed",
    "bowling": "legbreak",
    "source": "http://www.espncricinfo.com/ci/content/player/241856.html Cricinfo ",
    "FC": {
        "matches": "36",
        "runs": "758",
        "bat avg": "19.94",
        "100s/50s": "0/4",
        "top score": "72",
        "deliveries": "5,090",
        "wickets": "108",
        "bowl avg": "26.00",
        "fivefor": "3",
        "tenfor": "0",
        "best bowling": "7/49",
        "catches/stumpings": "20/\u2013"
    },
    "LA": {
        "matches": "23",
        "runs": "227",
        "bat avg": "22.70",
        "100s/50s": "0/1",
        "deliveries": "842",
        "wickets": "27",
        "bowl avg": "25.18",
        "fivefor": "0",
        "tenfor": "0",
        "best bowling": "4/41",
        "catches/stumpings": "11/\u2013"
    },
    "T20": {
        "matches": "9",
        "runs": "59",
        "bat avg": "9.83",
        "100s/50s": "0/0",
        "deliveries": "179",
        "wickets": "9",
        "bowl avg": "21.00",
        "fivefor": "0",
        "tenfor": "0",
        "best bowling": "3/19",
        "catches/stumpings": "3/\u2013"
    },
    "clubs": {
        "Dolphins": "2005/06\u20132010/11",
        "KwaZulu-Natal": "2010/11\u20132013/14",
        "KwaZulu-Natal Inland": "2014/15",
        "Boost Defenders": "2017/18"
    },
    "birth_date": "1987-1-14"
}