{
    "country": "Afghanistan",
    "fullname": "Abdullah Mazari",
    "birth_place": "Mazar-i-Sharif, Balkh Province, Afghanistan",
    "batting": "Left-handed",
    "bowling": "Slow left-arm Slow left-arm orthodox",
    "odidebutdate": "9 October",
    "odidebutyear": "2010",
    "odidebutagainst": "Kenya",
    "odicap": "21",
    "lastodidate": "11 October",
    "lastodiyear": "2010",
    "lastodiagainst": "Kenya",
    "source": "http://www.cricketarchive.co.uk/Archive/Players/53/53905/53905.html CricketArchive",
    "module": "Infobox medal templates",
    "titlestyle": "background-color: lightsteelblue;",
    "expand": "yes",
    "ODI": {
        "matches": "2",
        "runs": "3",
        "bat avg": "3.00",
        "100s/50s": "0/0",
        "top score": "3",
        "deliveries": "96",
        "wickets": "2",
        "bowl avg": "24.50",
        "fivefor": "0",
        "tenfor": "0",
        "best bowling": "1/18",
        "catches/stumpings": "1/\u2013"
    },
    "FC": {
        "matches": "4",
        "runs": "37",
        "bat avg": "9.25",
        "100s/50s": "0/0",
        "top score": "17",
        "deliveries": "462",
        "wickets": "3",
        "bowl avg": "62/66",
        "fivefor": "0",
        "tenfor": "0",
        "best bowling": "2/6",
        "catches/stumpings": "0/\u2013"
    },
    "LA": {
        "matches": "6",
        "runs": "36",
        "bat avg": "7.20",
        "100s/50s": "0/0",
        "top score": "18",
        "deliveries": "306",
        "wickets": "6",
        "bowl avg": "29.83",
        "fivefor": "0",
        "tenfor": "0",
        "best bowling": "2/25",
        "catches/stumpings": "1/\u2013"
    },
    "T20": {
        "matches": "1",
        "runs": "\u2013",
        "bat avg": "\u2013",
        "100s/50s": "\u2013",
        "top score": "\u2013",
        "deliveries": "11",
        "wickets": "0",
        "bowl avg": "\u2013",
        "fivefor": "\u2013",
        "tenfor": "\u2013",
        "best bowling": "\u2013",
        "catches/stumpings": "0/\u2013"
    },
    "clubs": {
        "Afghan Cheetahs": "2011/12",
        "Peshawar Panthers": "2010/11",
        "Peshawar": "2008/09"
    },
    "birth_date": "1987-3-7",
    "medaltemplates": [
        "Sport: Men's Cricket",
        "Country: {{Afghanistan}}",
        "Competition: Asian Games",
        "Silver Medal: 2014 Incheon Team"
    ]
}