{
    "name": "Abdul Malik",
    "birth_place": "Baghlan, Afghanistan",
    "batting": "Right-handed",
    "bowling": "Right arm off Right arm off break",
    "country": "Afghanistan",
    "onetest": "true",
    "testdebutdate": "2 March",
    "testdebutyear": "2021",
    "testdebutagainst": "Zimbabwe",
    "testcap": "20",
    "source": "http://www.espncricinfo.com/afghanistan/content/player/1059030.html Cricinfo",
    "Test": {
        "matches": "1",
        "runs": "0",
        "bat avg": "0.00",
        "100s/50s": "0/0",
        "top score": "0",
        "deliveries": "\u2013",
        "wickets": "\u2013",
        "bowl avg": "\u2013",
        "fivefor": "\u2013",
        "tenfor": "\u2013",
        "best bowling": "\u2013",
        "catches/stumpings": "2/\u2013"
    },
    "FC": {
        "matches": "19",
        "runs": "1,383",
        "bat avg": "43.21",
        "100s/50s": "3/7",
        "top score": "179",
        "deliveries": "30",
        "wickets": "0",
        "bowl avg": "\u2013",
        "fivefor": "\u2013",
        "tenfor": "\u2013",
        "best bowling": "\u2013",
        "catches/stumpings": "20/\u2013"
    },
    "LA": {
        "matches": "13",
        "runs": "434",
        "bat avg": "48.22",
        "100s/50s": "1/2",
        "top score": "107",
        "deliveries": "78",
        "wickets": "0",
        "bowl avg": "\u2013",
        "fivefor": "\u2013",
        "tenfor": "\u2013",
        "best bowling": "\u2013",
        "catches/stumpings": "6/\u2013"
    },
    "clubs": {
        "Amo Sharks": "2014\u20132018"
    },
    "birth_date": "1998-03-11"
}