{
    "name": "Abdul Hashmi",
    "country": "Denmark",
    "fullname": "Abdul Wahab Hashmi",
    "birth_place": "Odense, Denmark",
    "batting": "Right-handed",
    "T20Idebutdate": "16 June",
    "T20Idebutyear": "2019",
    "T20Idebutagainst": "Jersey",
    "T20Icap": "1",
    "lastT20Idate": "7 May",
    "lastT20Iyear": "2022",
    "lastT20Iagainst": "Finland",
    "source": "http://www.espncricinfo.com/ci/content/player/1062588.html Cricinfo ",
    "clubs": {},
    "birth_date": "1997-09-04"
}