{
    "name": "Abdul Hafeez",
    "birth_place": "Moseley, Birmingham",
    "batting": "Right-handed",
    "bowling": "Right-arm Right-arm medium",
    "source": "http://content-uk.cricinfo.com/ci/content/player/13990.html Cricinfo",
    "First-class": {
        "matches": "14",
        "runs": "346",
        "bat avg": "13.84",
        "100s/50s": "0/1",
        "top score": "55",
        "deliveries": "\u2013",
        "wickets": "\u2013",
        "bowl avg": "\u2013",
        "fivefor": "\u2013",
        "tenfor": "\u2013",
        "best bowling": "\u2013",
        "catches/stumpings": "8/\u2013"
    },
    "List A": {
        "matches": "13",
        "runs": "125",
        "bat avg": "13.88",
        "100s/50s": "0/0",
        "top score": "33",
        "deliveries": "192",
        "wickets": "1",
        "bowl avg": "174.00",
        "fivefor": "0",
        "tenfor": "0",
        "best bowling": "1/63",
        "catches/stumpings": "7/\u2013"
    },
    "clubs": {},
    "birth_date": "21 March 1977"
}