{
    "name": "Abdul Halim",
    "country": "Bangladesh",
    "fullname": "Abdul Halim",
    "batting": "Right-hand bat",
    "bowling": "Right arm medium Right arm medium pace",
    "source": "http://www.espncricinfo.com/bangladesh/content/player/804055.html ",
    "first-class": {
        "matches": "5",
        "runs": "3",
        "bat avg": "0.75",
        "100s/50s": "0/0",
        "top score": "2",
        "deliveries": "335",
        "wickets": "2",
        "bowl avg": "109",
        "fivefor": "0",
        "tenfor": "0",
        "best bowling": "1/18",
        "catches/stumpings": "0/0"
    },
    "List A": {
        "matches": "7",
        "runs": "27",
        "bat avg": "9",
        "100s/50s": "0/0",
        "top score": "11",
        "deliveries": "195",
        "wickets": "2",
        "bowl avg": "89",
        "fivefor": "0",
        "tenfor": "0",
        "best bowling": "1/25",
        "catches/stumpings": "3/0"
    },
    "clubs": {},
    "birth_date": "1998-11-02"
}