{
    "name": "Abdul Khaliq",
    "country": "India",
    "fullname": "KS Abdul Khaliq",
    "death_date": "df=yes",
    "source": "https://cricketarchive.com/Archive/Players/38/38014/38014.html ",
    "First class": {
        "matches": "19",
        "runs": "439",
        "bat avg": "15.13",
        "100s/50s": "0/1",
        "top score": "76",
        "deliveries": "0",
        "wickets": "0",
        "bowl avg": "-",
        "fivefor": "0",
        "tenfor": "0",
        "best bowling": "-",
        "catches/stumpings": "8/0"
    },
    "clubs": {},
    "birth_date": "1896-11-5"
}