{
    "name": "Abdul Hafeez Kardar",
    "country": "India",
    "country2": "Pakistan",
    "fullname": "Abdul Hafeez Kardar",
    "birth_place": "Lahore, Punjab, British India",
    "death_date": "df=yes",
    "death_place": "Islamabad, Pakistan",
    "batting": "Left-handed",
    "bowling": "Slow left arm Slow left arm orthodox",
    "family": "Zulfiqar Ahmed (brother-in-law)",
    "internationalspan": "1946",
    "internationalspan2": "1952\u20131958",
    "testdebutdate": "22 June",
    "testdebutyear": "1946",
    "testdebutfor": "India",
    "testdebutagainst": "England",
    "testcap": "29",
    "testcap2": "7",
    "lasttestdate": "26 March",
    "lasttestyear": "1958",
    "lasttestfor": "Pakistan",
    "lasttestagainst": "West Indies",
    "source": "https://cricketarchive.com/Archive/Players/0/750/750.html CricketArchive ",
    "Test": {
        "matches": "26",
        "runs": "927",
        "bat avg": "23.76",
        "100s/50s": "0/5",
        "top score": "93",
        "deliveries": "2,712",
        "wickets": "21",
        "bowl avg": "45.42",
        "fivefor": "0",
        "tenfor": "0",
        "best bowling": "3/35",
        "catches/stumpings": "16/\u2013"
    },
    "First-class": {
        "matches": "174",
        "runs": "6,832",
        "bat avg": "29.83",
        "100s/50s": "8/32",
        "top score": "173",
        "deliveries": "24,256",
        "wickets": "344",
        "bowl avg": "24.55",
        "fivefor": "19",
        "tenfor": "4",
        "best bowling": "7/25",
        "catches/stumpings": "110/\u2013"
    },
    "clubs": {
        "Northern India": "1943\u20131945",
        "Muslims": "1944",
        "Oxford University": "1947\u20131949",
        "Warwickshire": "1948\u20131950",
        "Combined Services": "1953\u20131954"
    },
    "birth_date": "1925-1-17"
}