{
    "name": "Abhilash Mallick",
    "country": "India",
    "birth_place": "Cuttack, Odisha, India",
    "batting": "Right-handed",
    "bowling": "Slow left-arm Slow left-arm orthodox",
    "source": "http://www.espncricinfo.com/india/content/player/425937.html  ",
    "FC": {
        "matches": "21",
        "runs": "977",
        "bat avg": "30.53",
        "100s/50s": "1/7",
        "top score": "126",
        "deliveries": "15",
        "wickets": "0",
        "bowl avg": "\u2013",
        "fivefor": "\u2013",
        "tenfor": "\u2013",
        "best bowling": "\u2013",
        "catches/stumpings": "6/\u2013"
    },
    "LA": {
        "matches": "6",
        "runs": "112",
        "bat avg": "22.40",
        "100s/50s": "0/1",
        "top score": "50",
        "deliveries": "18",
        "wickets": "0",
        "bowl avg": "\u2013",
        "fivefor": "\u2013",
        "tenfor": "\u2013",
        "best bowling": "\u2013",
        "catches/stumpings": "0/\u2013"
    },
    "clubs": {
        "Odisha": "2011\u2013Current"
    },
    "birth_date": "1991-11-21"
}