{
    "name": "Abhi",
    "birth_place": "Ahmednagar",
    "country": "India",
    "batting": "Right-handed",
    "bowling": "Right-arm Right-arm offbreak",
    "source": "http://www.espncricinfo.com/india/content/player/29998.html ESPNcricinfo ",
    "ODI": {
        "matches": "1",
        "runs": "10",
        "bat avg": "10.00",
        "100s/50s": "0/0",
        "top score": "10",
        "deliveries": "\u2013",
        "wickets": "\u2013",
        "bowl avg": "\u2013",
        "fivefor": "\u2013",
        "tenfor": "\u2013",
        "best bowling": "\u2013",
        "catches/stumpings": "0/\u2013"
    },
    "First-class": {
        "matches": "93",
        "runs": "7,134",
        "bat avg": "54.45",
        "100s/50s": "25/28",
        "deliveries": "560",
        "wickets": "3",
        "bowl avg": "113.0",
        "fivefor": "0",
        "tenfor": "0",
        "best bowling": "1/3",
        "catches/stumpings": "75/\u2013"
    },
    "clubs": {},
    "birth_date": "3 July 1973"
}