{
    "name": "Abid Nabi",
    "country": "India",
    "fullname": "Abid Nabi Ahanger",
    "birth_place": "Srinagar, Jammu and Kashmir, India",
    "heightft": "6",
    "heightinch": "7",
    "batting": "Right-handed",
    "bowling": "Right-arm Right-arm fast",
    "source": "http://www.espncricinfo.com/ci/content/player/26504.html Cricinfo",
    "FC": {
        "matches": "30",
        "runs": "530",
        "bat avg": "12.92",
        "100s/50s": "0/1",
        "top score": "54",
        "deliveries": "5,610",
        "wickets": "108",
        "bowl avg": "28.91",
        "fivefor": "6",
        "tenfor": "0",
        "best bowling": "6/91",
        "catches/stumpings": "11/&ndash;"
    },
    "LA": {
        "matches": "24",
        "runs": "202",
        "bat avg": "11.22",
        "100s/50s": "0/0",
        "top score": "44",
        "deliveries": "1,062",
        "wickets": "26",
        "bowl avg": "41.69",
        "fivefor": "1",
        "tenfor": "0",
        "best bowling": "5/50",
        "catches/stumpings": "4/&ndash;"
    },
    "T20": {
        "matches": "24",
        "runs": "269",
        "bat avg": "12.22",
        "100s/50s": "0/0",
        "top score": "39",
        "deliveries": "501",
        "wickets": "20",
        "bowl avg": "28.65",
        "fivefor": "0",
        "tenfor": "0",
        "best bowling": "2/13",
        "catches/stumpings": "10/&ndash;"
    },
    "clubs": {
        "Jammu and Kashmir": "2004/05\u20132013/14"
    },
    "birth_date": "1985-12-26"
}