{
    "name": "Abiodun Abioye",
    "country": "Nigeria",
    "fullname": "Abiodun Stephen Abioye",
    "birth_place": "Lagos, Lagos State, Nigeria",
    "batting": "Right-handed",
    "bowling": "Right-arm Right-arm medium",
    "T20Idebutdate": "20 May",
    "T20Idebutyear": "2019",
    "T20Idebutagainst": "Kenya",
    "T20Icap": "1",
    "lastT20Idate": "24 October",
    "lastT20Iyear": "2019",
    "lastT20Iagainst": "UAE",
    "source": "http://www.espncricinfo.com/ci/content/player/1013219.html Cricinfo ",
    "clubs": {},
    "birth_date": "1992-11-21"
}