{
    "name": "Abraham Shuker",
    "country": "England",
    "birth_place": "Stockton, Shropshire, England",
    "death_date": "1909",
    "death_place": "Tunstall, Staffordshire, England",
    "batting": "Right-handed",
    "type1": "FC",
    "debutdate1": "5 June",
    "debutyear1": "1874",
    "debutfor1": "Derbyshire",
    "debutagainst1": "Lancashire",
    "lastdate1": "5 June",
    "lastyear1": "1882",
    "lastfor1": "Derbyshire",
    "lastagainst1": "Sussex",
    "source": "https://cricketarchive.com/Archive/Players/32/32758/32758.html CricketArchive ",
    "First-class": {
        "matches": "22",
        "runs": "601",
        "bat avg": "15.81",
        "100s/50s": "0/2",
        "top score": "86",
        "catches/stumpings": "12/\u2013"
    },
    "clubs": {
        "Derbyshire": "1874\u20131882"
    },
    "birth_date": "1848-7-6"
}