{
    "country": "England",
    "fullname": "Abraham Spinks",
    "birth_place": "Wretton, Norfolk, England",
    "death_date": "1884 (aged 84/85)",
    "death_place": "Norfolk, England",
    "batting": "Unknown",
    "bowling": "Unknown-arm",
    "source": "http://www.espncricinfo.com/ci/content/player/21347.html Cricinfo ",
    "First-class": {
        "matches": "4",
        "runs": "72",
        "bat avg": "12.00",
        "100s/50s": "\u2013/\u2013",
        "top score": "32",
        "deliveries": "144",
        "wickets": "2",
        "bowl avg": "51.00",
        "fivefor": "\u2013",
        "tenfor": "\u2013",
        "best bowling": "1/36",
        "catches/stumpings": "1/\u2013"
    },
    "clubs": {
        "Norfolk": "1833&ndash;1836"
    }
}