{
    "country": "England",
    "fullname": "Abram Lindow Rawlinson",
    "birth_place": "Charlbury, Oxfordshire, England",
    "death_date": "1875",
    "death_place": "Chipping Norton, Oxfordshire, England",
    "family": "George Rawlinson (brother)",
    "batting": "Unknown",
    "source": "http://www.espncricinfo.com/ci/content/player/19943.html Cricinfo ",
    "First-class": {
        "matches": "5",
        "runs": "30",
        "bat avg": "4.28",
        "100s/50s": "\u2013/\u2013",
        "top score": "11",
        "catches/stumpings": "\u2013/\u2013"
    },
    "clubs": {
        "Marylebone Cricket Club": "1849&ndash;1853"
    }
}