{
    "name": "Abu Fuard",
    "country": "Sri Lanka",
    "fullname": "Mohamed Abdal Hassain Fuard",
    "birth_place": "Ceylon",
    "death_date": "2012",
    "death_place": "Colombo, Sri Lanka",
    "batting": "Right-handed",
    "bowling": "Right-arm Right-arm off-spin",
    "source": "http://www.espncricinfo.com/ci/content/player/48925.html ESPNcricinfo ",
    "First-class": {
        "matches": "19",
        "runs": "406",
        "bat avg": "14.00",
        "100s/50s": "0/1",
        "top score": "68",
        "deliveries": "3128",
        "wickets": "51",
        "bowl avg": "26.17",
        "fivefor": "1",
        "tenfor": "0",
        "best bowling": "6/31",
        "catches/stumpings": "12/0"
    },
    "clubs": {},
    "birth_date": "1936-12-6"
}