{
    "name": "Achini Kulasuriya",
    "female": "true",
    "country": "Sri Lanka",
    "fullname": "Waliarawe Gedara Achini Kalhari Kaushalya Kulasuriya",
    "birth_place": "Matale, Sri Lanka",
    "batting": "Left-handed",
    "bowling": "Right arm Right arm slow-medium",
    "odidebutdate": "10 November",
    "odidebutyear": "2015",
    "odidebutagainst": "New Zealand",
    "odicap": "64",
    "lastodidate": "4 July",
    "lastodiyear": "2022",
    "lastodiagainst": "India",
    "T20Idebutdate": "22 November",
    "T20Idebutyear": "2015",
    "T20Idebutagainst": "New Zealand",
    "T20Icap": "39",
    "lastT20Idate": "19 February",
    "lastT20Iyear": "2023",
    "lastT20Iagainst": "New Zealand",
    "source": "http://www.espncricinfo.com/ci/content/player/557731.html ESPNcricinfo ",
    "clubs": {},
    "birth_date": "1990-6-7"
}