{
    "country": "England",
    "fullname": "Adam James Davies",
    "birth_place": "Cardiff, Glamorgan, Wales",
    "batting": "Right-handed",
    "bowling": "Right-arm Right-arm medium-fast",
    "family": "Hugh Davies (father)",
    "source": "http://www.espncricinfo.com/ci/content/player/11807.html Cricinfo ",
    "LA": {
        "matches": "1",
        "runs": "17",
        "bat avg": "17.00",
        "100s/50s": "&ndash;/&ndash;",
        "top score": "17",
        "deliveries": "36",
        "wickets": "2",
        "bowl avg": "12.00",
        "fivefor": "&ndash;",
        "tenfor": "&ndash;",
        "best bowling": "2/24",
        "catches/stumpings": "&ndash;/&ndash;"
    },
    "clubs": {
        "Wales Minor Counties": "1999 & 2005"
    },
    "birth_date": "1980-10-26"
}