{
    "country": "England",
    "fullname": "Adam Tom Heather",
    "birth_place": "Manchester, Lancashire, England",
    "batting": "Left-handed",
    "source": "http://www.espncricinfo.com/ci/content/player/14136.html Cricinfo ",
    "List A": {
        "matches": "5",
        "runs": "138",
        "bat avg": "27.60",
        "100s/50s": "&ndash;/1",
        "top score": "79",
        "deliveries": "&ndash;",
        "wickets": "&ndash;",
        "bowl avg": "&ndash;",
        "fivefor": "&ndash;",
        "tenfor": "&ndash;",
        "best bowling": "&ndash;",
        "catches/stumpings": "1/&ndash;"
    },
    "clubs": {
        "Northumberland": "1996&ndash;2007"
    },
    "birth_date": "1972-11-7"
}