{
    "country": "England",
    "fullname": "Adam Paul Rennocks",
    "birth_place": "Leicester, Leicestershire, England",
    "batting": "Right-handed",
    "bowling": "Left-arm Left-arm medium",
    "source": "http://www.espncricinfo.com/ci/content/player/20010.html Cricinfo ",
    "LA": {
        "matches": "3",
        "runs": "5",
        "bat avg": "&ndash;",
        "100s/50s": "&ndash;/&ndash;",
        "deliveries": "144",
        "wickets": "3",
        "bowl avg": "28.00",
        "fivefor": "&ndash;",
        "tenfor": "&ndash;",
        "best bowling": "1/23",
        "catches/stumpings": "3/&ndash;"
    },
    "clubs": {
        "Leicestershire Cricket Board": "2001-2002"
    },
    "birth_date": "1982-1-29"
}