{
    "name": "Adam London",
    "country": "England",
    "fullname": "Adam Brian London",
    "birth_place": "Middlesex, England",
    "batting": "Left-handed",
    "bowling": "Right arm off Right arm off spin",
    "source": "https://www.espncricinfo.com/england/content/player/258556.html ESPNcricinfo ",
    "FC": {
        "matches": "12",
        "runs": "497",
        "bat avg": "27.61",
        "100s/50s": "&ndash;/4",
        "top score": "81",
        "deliveries": "102",
        "wickets": "1",
        "bowl avg": "59.00",
        "fivefor": "0",
        "tenfor": "0",
        "best bowling": "1/15",
        "catches/stumpings": "9/&ndash;"
    },
    "LA": {
        "matches": "4",
        "runs": "9",
        "bat avg": "4.50",
        "100s/50s": "0/0",
        "top score": "6",
        "deliveries": "6",
        "wickets": "0",
        "bowl avg": "-",
        "fivefor": "0",
        "tenfor": "0",
        "best bowling": "0/5",
        "catches/stumpings": "3/0"
    },
    "clubs": {
        "Middlesex": "2009 &ndash; 2012"
    },
    "birth_date": "1988-10-12"
}