{
    "country": "England",
    "fullname": "Adam Philip Cook",
    "birth_place": "Oxford, Oxfordshire, England",
    "batting": "Left-handed",
    "bowling": "Right-arm off Right-arm off break",
    "family": "Simon Cook (brother)",
    "source": "http://www.espncricinfo.com/ci/content/player/10791.html Cricinfo ",
    "List A": {
        "matches": "7",
        "runs": "131",
        "bat avg": "21.83",
        "100s/50s": "\u2013/1",
        "top score": "66",
        "deliveries": "168",
        "wickets": "6",
        "bowl avg": "27.66",
        "fivefor": "\u2013",
        "tenfor": "\u2013",
        "best bowling": "3/40",
        "catches/stumpings": "1/\u2013"
    },
    "clubs": {
        "Oxfordshire": "1998\u20132008"
    },
    "birth_date": "1979-11-13"
}