{
    "name": "Adam Cole",
    "country": "England",
    "fullname": "Adam Peter Cole",
    "birth_place": "Norwich, Norfolk, England",
    "batting": "Right-handed",
    "bowling": "Right-arm Right-arm fast-medium",
    "source": "http://www.espncricinfo.com/ci/content/player/10766.html Cricinfo ",
    "List A": {
        "matches": "3",
        "runs": "12",
        "bat avg": "6.00",
        "100s/50s": "\u2013/\u2013",
        "deliveries": "192",
        "wickets": "5",
        "bowl avg": "36.60",
        "fivefor": "\u2013",
        "tenfor": "\u2013",
        "best bowling": "2/55",
        "catches/stumpings": "\u2013/\u2013"
    },
    "clubs": {
        "Buckinghamshire": "1998\u20132000",
        "Norfolk": "1993\u20131994"
    },
    "birth_date": "1974-5-4"
}