{
    "name": "Adam Dale",
    "birth_place": "Ivanhoe, Victoria",
    "country": "Australia",
    "batting": "Left-handed",
    "bowling": "Right-arm Right-arm medium",
    "testdebutdate": "25 March",
    "testdebutyear": "1998",
    "testdebutagainst": "India",
    "testcap": "377",
    "lasttestdate": "3 April",
    "lasttestyear": "1999",
    "lasttestagainst": "West Indies",
    "odidebutdate": "29 March",
    "odidebutyear": "1997",
    "odidebutagainst": "South Africa",
    "odicap": "132",
    "lastodidate": "9 January",
    "lastodiyear": "2000",
    "lastodiagainst": "Pakistan",
    "source": "http://content-aus.cricinfo.com/ci/content/player/4890.html CricInfo ",
    "Test": {
        "matches": "2",
        "runs": "6",
        "bat avg": "2.00",
        "100s/50s": "0/0",
        "top score": "5",
        "deliveries": "348",
        "wickets": "6",
        "bowl avg": "31.16",
        "fivefor": "0",
        "tenfor": "0",
        "best bowling": "3/71",
        "catches/stumpings": "0/\u2013"
    },
    "ODI": {
        "matches": "30",
        "runs": "78",
        "bat avg": "19.50",
        "100s/50s": "0/0",
        "deliveries": "1,596",
        "wickets": "32",
        "bowl avg": "30.59",
        "fivefor": "0",
        "tenfor": "0",
        "best bowling": "3/18",
        "catches/stumpings": "11/\u2013"
    },
    "FC": {
        "matches": "59",
        "runs": "888",
        "bat avg": "15.05",
        "100s/50s": "0/1",
        "top score": "55",
        "deliveries": "14369",
        "wickets": "245",
        "bowl avg": "20.75",
        "fivefor": "13",
        "tenfor": "1",
        "best bowling": "7/24",
        "catches/stumpings": "14/\u2013"
    },
    "LA": {
        "matches": "65",
        "runs": "165",
        "bat avg": "18.33",
        "100s/50s": "0/0",
        "deliveries": "3497",
        "wickets": "84",
        "bowl avg": "24.51",
        "fivefor": "1",
        "tenfor": "0",
        "best bowling": "5/28",
        "catches/stumpings": "22/\u2013"
    },
    "clubs": {
        "Queensland": "1995/96\u20132002/03"
    },
    "birth_date": "30 December 1968"
}