{
    "country": "England",
    "fullname": "Adam Bramley Byram",
    "birth_place": "Wellington, Shropshire, England",
    "batting": "Left-handed",
    "bowling": "Slow left-arm Slow left-arm orthodox",
    "family": "Gavin Byram (brother)",
    "source": "http://www.espncricinfo.com/ci/content/player/9338.html Cricinfo ",
    "List A": {
        "matches": "13",
        "runs": "127",
        "bat avg": "14.11",
        "100s/50s": "\u2013/\u2013",
        "deliveries": "726",
        "wickets": "14",
        "bowl avg": "33.21",
        "fivefor": "\u2013",
        "tenfor": "\u2013",
        "best bowling": "4/24",
        "catches/stumpings": "5/\u2013"
    },
    "clubs": {
        "Staffordshire": "2003",
        "Shropshire": "1989\u20132002"
    },
    "birth_date": "1971-3-17"
}