{
    "name": "Adam Seymour",
    "birth_place": "Royston, Hertfordshire",
    "batting": "Left-handed",
    "bowling": "Right-arm Right-arm medium",
    "source": "http://cricketarchive.co.uk/Archive/Players/4/4628/4628.html CricketArchive",
    "First-class": {
        "matches": "36",
        "runs": "1,699",
        "bat avg": "29.80",
        "100s/50s": "2/7",
        "top score": "157",
        "deliveries": "24",
        "wickets": "0",
        "bowl avg": "\u2013",
        "fivefor": "\u2013",
        "tenfor": "\u2013",
        "best bowling": "\u2013",
        "catches/stumpings": "17/\u2013"
    },
    "List A": {
        "matches": "32",
        "runs": "442",
        "bat avg": "15.78",
        "100s/50s": "0/2",
        "deliveries": "108",
        "wickets": "1",
        "bowl avg": "77.00",
        "fivefor": "0",
        "tenfor": "0",
        "best bowling": "1/5",
        "catches/stumpings": "10/\u2013"
    },
    "clubs": {},
    "birth_date": "7 December 1967"
}