{
    "name": "Adam Ball",
    "country": "England",
    "fullname": "Adam James Ball",
    "birth_place": "Greenwich, London",
    "batting": "Right-handed",
    "bowling": "Left-arm Left-arm fast-medium",
    "type1": "FC",
    "debutdate1": "26 April",
    "debutyear1": "2011",
    "debutfor1": "Kent",
    "debutagainst1": "Gloucestershire",
    "lastdate1": "6 August",
    "lastyear1": "2017",
    "lastfor1": "Kent",
    "lastagainst1": "West Indians",
    "type2": "LA",
    "debutdate2": "4 September",
    "debutyear2": "2010",
    "debutfor2": "Kent",
    "debutagainst2": "Durham",
    "lastdate2": "27 May",
    "lastyear2": "2017",
    "lastfor2": "Kent",
    "lastagainst2": "Essex",
    "source": "http://www.espncricinfo.com/ci/content/player/308124.html CricInfo ",
    "FC": {
        "matches": "31",
        "runs": "855",
        "bat avg": "20.35",
        "100s/50s": "0/4",
        "top score": "69",
        "deliveries": "2,268",
        "wickets": "34",
        "bowl avg": "44.05",
        "fivefor": "0",
        "tenfor": "0",
        "best bowling": "3/36",
        "catches/stumpings": "20/\u2013"
    },
    "LA": {
        "matches": "32",
        "runs": "232",
        "bat avg": "15.46",
        "100s/50s": "0/0",
        "deliveries": "933",
        "wickets": "22",
        "bowl avg": "39.40",
        "fivefor": "0",
        "tenfor": "0",
        "best bowling": "3/36",
        "catches/stumpings": "10/\u2013"
    },
    "T20": {
        "matches": "38",
        "runs": "142",
        "bat avg": "11.83",
        "100s/50s": "0/0",
        "top score": "18",
        "deliveries": "588",
        "wickets": "27",
        "bowl avg": "30.00",
        "fivefor": "0",
        "tenfor": "0",
        "best bowling": "2/18",
        "catches/stumpings": "22/\u2013"
    },
    "clubs": {
        "Kent( 24 )": "2010\u20132017",
        "Suffolk": "2018"
    },
    "birth_date": "1993-3-1"
}