{
    "country": "England",
    "fullname": "Adam Peter Augustus Clarke",
    "birth_place": "Greenwich, London, England",
    "batting": "Right-handed",
    "bowling": "Right-arm Right-arm medium-fast",
    "source": "http://www.espncricinfo.com/ci/content/player/11763.html Cricinfo ",
    "First-class": {
        "matches": "1",
        "runs": "0",
        "bat avg": "0.00",
        "100s/50s": "\u2013/\u2013",
        "top score": "0",
        "deliveries": "31",
        "wickets": "\u2013",
        "bowl avg": "\u2013",
        "fivefor": "\u2013",
        "tenfor": "\u2013",
        "best bowling": "\u2013",
        "catches/stumpings": "\u2013/\u2013"
    },
    "clubs": {
        "Durham UCCE": "2004"
    },
    "birth_date": "1984-9-13"
}