{
    "name": "Adam Duncan",
    "fullname": "Adam Seymour Dickson Duncan",
    "birth_place": "Calcutta, Bengal, India",
    "death_date": "1940",
    "death_place": "Hatfield, Hertfordshire, England",
    "batting": "Unknown",
    "bowling": "Unknown",
    "source": "https://cricketarchive.com/Archive/Players/29/29164/29164.html Cricket Archive ",
    "First-class": {
        "matches": "14",
        "runs": "313",
        "bat avg": "13.60",
        "100s/50s": "0/0",
        "top score": "42",
        "catches/stumpings": "5/\u2013"
    },
    "clubs": {
        "Cambridge University": "1875",
        "Marylebone Cricket Club": "1873\u20131879"
    },
    "birth_date": "1852-06-08"
}