{
    "country": "England",
    "fullname": "Adam Charles Soilleux",
    "nickname": "Churchill, Adza url=http://www.loughboroughmccu.com/player-profiles/adam-soilleux",
    "birth_place": "Southend-on-Sea, Essex, England",
    "batting": "Right-handed",
    "bowling": "Right-arm Right-arm medium-fast",
    "source": "http://www.espncricinfo.com/ci/content/player/509144.html Cricinfo ",
    "First-class": {
        "matches": "1",
        "runs": "9",
        "bat avg": "4.50",
        "100s/50s": "&ndash;/&ndash;",
        "top score": "6",
        "deliveries": "102",
        "wickets": "2",
        "bowl avg": "28.00",
        "fivefor": "&ndash;",
        "tenfor": "&ndash;",
        "best bowling": "2/56",
        "catches/stumpings": "&ndash;/&ndash;"
    },
    "clubs": {
        "Loughborough MCCU": "2011"
    },
    "birth_date": "1991-11-29"
}