{
    "country": "England",
    "fullname": "Adam Herbert John Dewes",
    "birth_place": "Ascot, Berkshire, England",
    "family": "John Dewes (grandfather) Jim Dewes (father) Jonathan Dewes (brother)",
    "batting": "Right-handed",
    "bowling": "Slow left-arm Slow left-arm orthodox",
    "source": "http://www.espncricinfo.com/england/content/player/1151876.html Cricinfo ",
    "First-class": {
        "matches": "2",
        "runs": "11",
        "bat avg": "3.66",
        "100s/50s": "\u2013/\u2013",
        "top score": "6",
        "deliveries": "132",
        "wickets": "3",
        "bowl avg": "25.00",
        "fivefor": "\u2013",
        "tenfor": "\u2013",
        "best bowling": "1/1",
        "catches/stumpings": "1/\u2013"
    },
    "clubs": {
        "Durham MCCU": "2019",
        "Berkshire": "2018"
    },
    "birth_date": "November 1996"
}