{
    "country": "Ireland",
    "fullname": "Adderley Edward Wilkinson",
    "birth_place": "Dunshaughlin, Ireland",
    "death_date": "1 April 1978 (aged 90)",
    "death_place": "Enniskerry, Leinster, Ireland",
    "batting": "Unknown",
    "source": "http://www.espncricinfo.com/ireland/content/player/35974.html Cricinfo ",
    "First-class": {
        "matches": "1",
        "runs": "5",
        "bat avg": "2.50",
        "100s/50s": "\u2013/\u2013",
        "top score": "5",
        "catches/stumpings": "2/\u2013"
    },
    "clubs": {
        "Europeans (India)": "1920/21"
    }
}