{
    "country": "New Zealand",
    "fullname": "Adil Somani",
    "birth_place": "Kampala, Kampala District, Uganda",
    "batting": "Right-handed",
    "bowling": "Leg Leg break",
    "source": "http://www.cricinfo.com/ci/content/player/38435.html Cricinfo ",
    "FC": {
        "matches": "8",
        "runs": "177",
        "bat avg": "17.70",
        "100s/50s": "&ndash;/&ndash;",
        "top score": "40",
        "deliveries": "583",
        "wickets": "9",
        "bowl avg": "37.55",
        "fivefor": "&ndash;",
        "tenfor": "&ndash;",
        "best bowling": "2/7",
        "catches/stumpings": "&ndash;/&ndash;"
    },
    "LA": {
        "matches": "5",
        "runs": "44",
        "bat avg": "11.00",
        "100s/50s": "&ndash;/&ndash;",
        "top score": "15",
        "deliveries": "66",
        "wickets": "3",
        "bowl avg": "16.00",
        "fivefor": "&ndash;",
        "tenfor": "&ndash;",
        "best bowling": "2/16",
        "catches/stumpings": "2/&ndash;"
    },
    "clubs": {
        "Northern Districts": "1988/89-1993/94",
        "Nottinghamshire": "1987"
    },
    "birth_date": "1967-10-22"
}