{
    "name": "Adiel Kugotsi",
    "birth_place": "Mutare, Manicaland, Zimbabwe",
    "batting": "Right-handed",
    "bowling": "Right-arm Right-arm medium-fast",
    "source": "https://www.espncricinfo.com/player/adiel-kugotsi-55545 ESPNcricinfo",
    "FC": {
        "matches": "6",
        "runs": "63",
        "bat avg": "5.72",
        "100s/50s": "0/0",
        "top score": "34",
        "deliveries": "120",
        "wickets": "0",
        "bowl avg": "\u2013",
        "fivefor": "\u2013",
        "tenfor": "\u2013",
        "best bowling": "\u2013",
        "catches/stumpings": "4/\u2013"
    },
    "clubs": {
        "Manicaland": "2001/02\u20132003/04"
    },
    "birth_date": "1984-10-03"
}