{
    "country": "Hong Kong",
    "fullname": "Adil Mehmood",
    "birth_place": "Jalalia Attock Pakistan",
    "batting": "Right-handed",
    "bowling": "Right-arm Right-arm medium",
    "source": "http://www.espncricinfo.com/ci/content/player/497512.html Cricinfo ",
    "List A": {
        "matches": "1",
        "runs": "1",
        "bat avg": "&ndash;",
        "100s/50s": "&ndash;/&ndash;",
        "deliveries": "18",
        "wickets": "&ndash;",
        "bowl avg": "&ndash;",
        "fivefor": "&ndash;",
        "tenfor": "&ndash;",
        "best bowling": "&ndash;",
        "catches/stumpings": "&ndash;/&ndash;"
    },
    "clubs": {},
    "birth_date": "1988-12-31"
}