{
    "name": "Adnan Mufti",
    "country": "United Arab Emirates",
    "birth_place": "Kharian Cantt, Punjab, Pakistan",
    "batting": "Left-handed",
    "bowling": "Right-arm Right-arm medium",
    "odidebutdate": "24 January",
    "odidebutyear": "2017",
    "odidebutagainst": "Scotland",
    "odicap": "67",
    "lastodidate": "30 August",
    "lastodiyear": "2018",
    "lastodiagainst": "Nepal",
    "oneT20I": "true",
    "T20Idebutdate": "14 April",
    "T20Idebutyear": "2017",
    "T20Idebutagainst": "PNG",
    "T20Icap": "38",
    "source": "http://www.espncricinfo.com/ci/content/player/281653.html Cricinfo ",
    "ODI": {
        "matches": "18",
        "runs": "330",
        "bat avg": "27.50",
        "100s/50s": "0/1",
        "deliveries": "\u2013",
        "wickets": "\u2013",
        "bowl avg": "\u2013",
        "fivefor": "\u2013",
        "tenfor": "\u2013",
        "best bowling": "\u2013",
        "catches/stumpings": "4/\u2013"
    },
    "T20I": {
        "matches": "1",
        "runs": "6",
        "bat avg": "\u2013",
        "100s/50s": "0/0",
        "deliveries": "\u2013",
        "wickets": "\u2013",
        "bowl avg": "\u2013",
        "fivefor": "\u2013",
        "tenfor": "\u2013",
        "best bowling": "\u2013",
        "catches/stumpings": "0/\u2013"
    },
    "FC": {
        "matches": "49",
        "runs": "2,284",
        "bat avg": "29.66",
        "100s/50s": "1/19",
        "top score": "110",
        "deliveries": "102",
        "wickets": "1",
        "bowl avg": "50.00",
        "fivefor": "0",
        "tenfor": "0",
        "best bowling": "1/19",
        "catches/stumpings": "66/\u2013"
    },
    "LA": {
        "matches": "51",
        "runs": "967",
        "bat avg": "25.44",
        "100s/50s": "1/3",
        "top score": "104",
        "deliveries": "\u2013",
        "wickets": "\u2013",
        "bowl avg": "\u2013",
        "fivefor": "\u2013",
        "tenfor": "\u2013",
        "best bowling": "\u2013",
        "catches/stumpings": "23/\u2013"
    },
    "clubs": {},
    "birth_date": "1984-12-30"
}