{
    "name": "Adnan Akram",
    "fullname": "Mohammad Adnan Akram",
    "birth_place": "Leytonstone, London",
    "batting": "Right-handed",
    "bowling": "Right-arm Right-arm fast-medium",
    "type1": "FC",
    "debutdate1": "12 April",
    "debutyear1": "2003",
    "debutfor1": "Cambridge UCCE",
    "debutagainst1": "Essex",
    "lastdate1": "1 June",
    "lastyear1": "2005",
    "lastfor1": "Cambridge UCCE",
    "lastagainst1": "Middlesex",
    "type2": "LA",
    "debutdate2": "12 September",
    "debutyear2": "2002",
    "debutfor2": "Essex Cricket Board",
    "debutagainst2": "Surrey Cricket Board",
    "lastdate2": "7 May",
    "lastyear2": "2003",
    "lastfor2": "Essex Cricket Board",
    "lastagainst2": "Essex",
    "source": "https://cricketarchive.com/Archive/Players/44/44779/44779.html CricketArchive ",
    "First-class": {
        "matches": "9",
        "runs": "515",
        "bat avg": "42.91",
        "100s/50s": "2/1",
        "deliveries": "251",
        "wickets": "3",
        "bowl avg": "64.00",
        "fivefor": "0",
        "tenfor": "0",
        "best bowling": "2/85",
        "catches/stumpings": "4/\u2013"
    },
    "List A": {
        "matches": "2",
        "runs": "88",
        "bat avg": "44",
        "100s/50s": "0/1",
        "top score": "61",
        "deliveries": "12",
        "wickets": "0",
        "bowl avg": "\u2013",
        "fivefor": "\u2013",
        "tenfor": "\u2013",
        "best bowling": "\u2013",
        "catches/stumpings": "0/\u2013"
    },
    "clubs": {
        "Essex Cricket Board": "2002\u20132003",
        "Cambridge UCCE": "2003\u20132005"
    },
    "birth_date": "1995-06-23"
}