{
    "country": "England",
    "fullname": "Adnan Saleem",
    "birth_place": "Islamabad, Pakistan",
    "batting": "Left-handed",
    "bowling": "Left-arm Left-arm fast",
    "source": "http://www.espncricinfo.com/ci/content/player/21410.html Cricinfo ",
    "List A": {
        "matches": "5",
        "runs": "2",
        "bat avg": "1.00",
        "100s/50s": "&ndash;/&ndash;",
        "top score": "2",
        "deliveries": "179",
        "wickets": "5",
        "bowl avg": "32.20",
        "fivefor": "&ndash;",
        "tenfor": "&ndash;",
        "best bowling": "3/24",
        "catches/stumpings": "1/&ndash;"
    },
    "clubs": {
        "Buckinghamshire": "2002&ndash;2006"
    },
    "birth_date": "1976-12-18"
}