{
    "name": "Adnan Ilyas",
    "country": "Oman",
    "fullname": "Adnan Ilyas",
    "nickname": "Sulehri",
    "birth_place": "Zafarwal, Punjab, Pakistan",
    "batting": "Right-handed",
    "bowling": "Right-arm Right-arm medium",
    "family": "Aqib Ilyas (brother)",
    "source": "http://content-uk.cricinfo.com/ci/content/player/26038.html Cricinfo ",
    "List A": {
        "matches": "18",
        "runs": "393",
        "bat avg": "23.11",
        "100s/50s": "1/1",
        "top score": "113",
        "deliveries": "128",
        "wickets": "2",
        "bowl avg": "54.5",
        "fivefor": "0",
        "tenfor": "0",
        "best bowling": "1/29",
        "catches/stumpings": "12/&ndash;"
    },
    "Twenty20": {
        "matches": "5",
        "runs": "76",
        "bat avg": "15.20",
        "100s/50s": "0/0",
        "top score": "35",
        "deliveries": "&ndash;",
        "wickets": "&ndash;",
        "bowl avg": "&ndash;",
        "fivefor": "&ndash;",
        "tenfor": "&ndash;",
        "best bowling": "&ndash;",
        "catches/stumpings": "1/&ndash;"
    },
    "clubs": {},
    "birth_date": "1984-12-30"
}