{
    "name": "Adolphus Sparrow",
    "country": "England",
    "fullname": "Adolphus James Sparrow",
    "birth_place": "Alverstoke, Hampshire, England",
    "death_date": "1936",
    "death_place": "Minster, Kent, England",
    "source": "http://www.cricinfo.com/ci/content/player/20294.html Cricinfo ",
    "FC": {
        "matches": "1",
        "runs": "1",
        "bat avg": "1.00",
        "100s/50s": "&ndash;/&ndash;",
        "top score": "1",
        "deliveries": "&ndash;",
        "wickets": "&ndash;",
        "bowl avg": "&ndash;",
        "fivefor": "&ndash;",
        "tenfor": "&ndash;",
        "best bowling": "&ndash;",
        "catches/stumpings": "&ndash;/&ndash;"
    },
    "clubs": {
        "Hampshire": "1902"
    },
    "birth_date": "1869-5-10"
}