{
    "country": "England",
    "fullname": "Adrian John Hedley",
    "birth_place": "Durham, County Durham, England",
    "batting": "Right-handed",
    "bowling": "Right-arm Right-arm medium",
    "source": "http://www.cricinfo.com/ci/content/player/14146.html Cricinfo ",
    "LA": {
        "matches": "3",
        "runs": "54",
        "bat avg": "18.00",
        "100s/50s": "&ndash;/&ndash;",
        "top score": "46",
        "deliveries": "&ndash;",
        "wickets": "&ndash;",
        "bowl avg": "&ndash;",
        "fivefor": "&ndash;",
        "tenfor": "&ndash;",
        "best bowling": "&ndash;",
        "catches/stumpings": "1/&ndash;"
    },
    "clubs": {
        "Durham Cricket Board": "1999"
    },
    "birth_date": "1978-12-8"
}