{
    "name": "Adrian Neill",
    "country": "Scotland",
    "birth_place": "Riversdale, Western Cape,, South Africa",
    "heightft": "6",
    "heightinch": "9",
    "batting": "Right-handed",
    "bowling": "Right-arm Right-arm medium",
    "odidebutdate": "15 August",
    "odidebutyear": "2019",
    "odidebutagainst": "Oman",
    "odicap": "68",
    "lastodidate": "13 August",
    "lastodiyear": "2022",
    "lastodiagainst": "USA",
    "T20Idebutdate": "17 February",
    "T20Idebutyear": "2019",
    "T20Idebutagainst": "Oman",
    "T20Icap": "49",
    "lastT20Idate": "31 October",
    "lastT20Iyear": "2019",
    "lastT20Iagainst": "Oman",
    "source": "http://www.espncricinfo.com/ci/content/player/1148466.html Cricinfo ",
    "ODI": {
        "matches": "8",
        "runs": "22",
        "bat avg": "22.00",
        "100s/50s": "0/0",
        "deliveries": "389",
        "wickets": "13",
        "bowl avg": "22.76",
        "fivefor": "0",
        "tenfor": "0",
        "best bowling": "3/32",
        "catches/stumpings": "3/\u2013"
    },
    "T20I": {
        "matches": "5",
        "runs": "\u2013",
        "bat avg": "\u2013",
        "100s/50s": "\u2013/\u2013",
        "top score": "\u2013",
        "deliveries": "120",
        "wickets": "9",
        "bowl avg": "17.11",
        "fivefor": "0",
        "tenfor": "0",
        "best bowling": "3/21",
        "catches/stumpings": "4/\u2013"
    },
    "LA": {
        "matches": "12",
        "runs": "37",
        "bat avg": "18.50",
        "100s/50s": "0/0",
        "deliveries": "568",
        "wickets": "20",
        "bowl avg": "21.25",
        "fivefor": "0",
        "tenfor": "0",
        "best bowling": "4/7",
        "catches/stumpings": "4/\u2013"
    },
    "T20": {
        "matches": "5",
        "runs": "\u2013",
        "bat avg": "\u2013",
        "100s/50s": "\u2013/\u2013",
        "top score": "\u2013",
        "deliveries": "120",
        "wickets": "9",
        "bowl avg": "17.11",
        "fivefor": "0",
        "tenfor": "0",
        "best bowling": "3/21",
        "catches/stumpings": "4/\u2013"
    },
    "clubs": {},
    "birth_date": "1994-3-22"
}