{
    "country": "England",
    "fullname": "Adrian Charles David Moylan",
    "birth_place": "Weston-super-Mare, Somerset, England",
    "batting": "Left-handed",
    "bowling": "Slow left-arm Slow left-arm orthodox",
    "source": "http://www.espncricinfo.com/ci/content/player/17722.html Cricinfo ",
    "First-class": {
        "matches": "5",
        "runs": "176",
        "bat avg": "19.55",
        "100s/50s": "\u2013/\u2013",
        "top score": "29",
        "deliveries": "18",
        "wickets": "0",
        "bowl avg": "\u2013",
        "fivefor": "\u2013",
        "tenfor": "\u2013",
        "best bowling": "\u2013",
        "catches/stumpings": "1/\u2013"
    },
    "clubs": {
        "Cambridge University": "1976&ndash;1977"
    },
    "birth_date": "1955-6-26"
}