{
    "name": "Adrian Shankar",
    "country": "England",
    "fullname": "Adrian Anton Shankar",
    "birth_place": "Ascot, Berkshire",
    "batting": "Right-handed",
    "bowling": "Right-arm off Right-arm off break",
    "source": "http://www.espncricinfo.com/ci/content/player/21423.html Cricinfo ",
    "First-class": {
        "matches": "13",
        "runs": "394",
        "bat avg": "19.70",
        "100s/50s": "1/0",
        "top score": "143",
        "catches/stumpings": "5/\u2013"
    },
    "List A": {
        "matches": "2",
        "runs": "27",
        "bat avg": "13.50",
        "100s/50s": "0/0",
        "top score": "27",
        "catches/stumpings": "0/\u2013"
    },
    "clubs": {
        "Bedfordshire": "2000\u20132006",
        "Cambridge UCCE": "2002\u20132005",
        "Cambridge University": "2002\u20132005",
        "Worcestershire": "2011"
    },
    "birth_date": "1982-5-7"
}