{
    "country": "England",
    "fullname": "Adrian Alexander Graham Mee",
    "birth_place": "Johannesburg, Transvaal,, South Africa",
    "batting": "Right-handed",
    "source": "http://www.espncricinfo.com/england/content/player/17514.html Cricinfo ",
    "First-class": {
        "matches": "10",
        "runs": "191",
        "bat avg": "12.73",
        "100s/50s": "\u2013/1",
        "top score": "51",
        "catches/stumpings": "4/\u2013"
    },
    "clubs": {
        "Oxford University": "1984&ndash;1987"
    },
    "birth_date": "1963-5-29"
}