{
    "name": "Adrian Cade",
    "country": "England",
    "fullname": "Adrian Mark Cade",
    "birth_place": "Peterborough, Cambridgeshire, England",
    "batting": "Right-handed",
    "bowling": "Right-arm Right-arm medium",
    "family": "Jon Cade (nephew)",
    "source": "https://cricketarchive.com/Archive/Players/9/9035/9035.html CricketArchive ",
    "LA": {
        "matches": "3",
        "runs": "23",
        "bat avg": "11.50",
        "100s/50s": "\u2013/-",
        "top score": "18",
        "deliveries": "\u2013",
        "wickets": "\u2013",
        "bowl avg": "\u2013",
        "fivefor": "\u2013",
        "tenfor": "\u2013",
        "best bowling": "\u2013",
        "catches/stumpings": "\u2013/-"
    },
    "clubs": {
        "Huntingdonshire": "1999",
        "Cambridgeshire": "1990\u20131992"
    },
    "birth_date": "1961-9-23"
}