{
    "name": "Adzil Holder",
    "fullname": "Adzil Harcourt Holder",
    "birth_place": "Joe's River, Saint Joseph, Barbados",
    "death_date": "2019",
    "death_place": "Foul Bay, Saint Philip, Barbados",
    "batting": "Right-handed",
    "bowling": "Slow left-arm Slow left-arm orthodox",
    "source": "http://www.espncricinfo.com/westindies/content/player/52524.html Cricinfo",
    "First-class": {
        "matches": "11",
        "runs": "251",
        "bat avg": "20.91",
        "100s/50s": "0/1",
        "top score": "52",
        "deliveries": "2406",
        "wickets": "26",
        "bowl avg": "34.92",
        "fivefor": "3",
        "tenfor": "0",
        "best bowling": "7/38",
        "catches/stumpings": "5/\u2013"
    },
    "clubs": {
        "Barbados": "1951-52 to 1958-59"
    }
}