{
    "name": "Afaq Hussain",
    "batting": "Right-hand bat",
    "bowling": "Right-arm Right-arm offbreak",
    "country": "Pakistan",
    "testdebutagainst": "England",
    "testdebutdate": "21 October",
    "testdebutyear": "1961",
    "lasttestdate": "4 December",
    "lasttestagainst": "Australia",
    "lasttestyear": "1964",
    "testcap": "38",
    "source": "http://www.espncricinfo.com/ci/content/player/38975.html Cricinfo",
    "Tests": {
        "matches": "2",
        "runs": "66",
        "bat avg": "-",
        "100s/50s": "0/0",
        "deliveries": "240",
        "wickets": "1",
        "bowl avg": "106.00",
        "fivefor": "0",
        "tenfor": "0",
        "best bowling": "1/40",
        "catches/stumpings": "2/-"
    },
    "First-class": {
        "matches": "67",
        "runs": "1448",
        "bat avg": "24.54",
        "100s/50s": "1/5",
        "deliveries": "9301",
        "wickets": "214",
        "bowl avg": "19.42",
        "fivefor": "14",
        "tenfor": "5",
        "best bowling": "8/108",
        "catches/stumpings": "52/-"
    },
    "clubs": {}
}