{
    "name": "Aftab Habib",
    "country": "England",
    "fullname": "Aftab Habib",
    "birth_place": "Reading, Berkshire, England",
    "nickname": "Tabby",
    "heightft": "5",
    "heightinch": "9",
    "batting": "Right-handed",
    "bowling": "Right-arm Right-arm medium-fast",
    "testdebutagainst": "New Zealand",
    "testdebutdate": "1 July",
    "testdebutyear": "1999",
    "lasttestdate": "22 July",
    "lasttestagainst": "New Zealand",
    "lasttestyear": "1999",
    "source": "https://www.espncricinfo.com/england/content/player/13985.html CricInfo",
    "Test": {
        "matches": "2",
        "runs": "26",
        "bat avg": "8.66",
        "100s/50s": "0/0",
        "top score": "19",
        "deliveries": "\u2013",
        "wickets": "\u2013",
        "bowl avg": "\u2013",
        "fivefor": "\u2013",
        "tenfor": "\u2013",
        "best bowling": "\u2013",
        "catches/stumpings": "0/\u2013"
    },
    "First-class": {
        "matches": "159",
        "runs": "8,873",
        "bat avg": "41.85",
        "100s/50s": "21/46",
        "top score": "215",
        "deliveries": "106",
        "wickets": "1",
        "bowl avg": "80.00",
        "fivefor": "0",
        "tenfor": "0",
        "best bowling": "1/10",
        "catches/stumpings": "80/\u2013"
    },
    "List A": {
        "matches": "168",
        "runs": "3,212",
        "bat avg": "26.32",
        "100s/50s": "1/14",
        "top score": "111",
        "deliveries": "59",
        "wickets": "2",
        "bowl avg": "29.00",
        "fivefor": "0",
        "tenfor": "0",
        "best bowling": "2/58",
        "catches/stumpings": "57/\u2013"
    },
    "clubs": {},
    "birth_date": "1972-2-7"
}