{
    "name": "Aftab Baloch",
    "country": "Pakistan",
    "fullname": "Aftab Baloch",
    "birth_place": "Karachi, Pakistan",
    "death_date": "2022",
    "death_place": "Karachi, Pakistan",
    "batting": "Right-hand bat",
    "bowling": "Right-arm Right-arm offbreak",
    "testdebutdate": "8 November",
    "testdebutyear": "1969",
    "testdebutagainst": "New Zealand",
    "testcap": "64",
    "lasttestdate": "15 April",
    "lasttestyear": "1975",
    "lasttestagainst": "West Indies",
    "source": "http://www.espncricinfo.com/ci/content/player/38978.html ESPNCricinfo",
    "Tests": {
        "matches": "2",
        "runs": "97",
        "bat avg": "48.50",
        "100s/50s": "-/1",
        "deliveries": "44",
        "wickets": "\u2013",
        "bowl avg": "\u2013",
        "fivefor": "\u2013",
        "tenfor": "\u2013",
        "best bowling": "\u2013",
        "catches/stumpings": "-/-"
    },
    "First-class": {
        "matches": "172",
        "runs": "9171",
        "bat avg": "41.68",
        "100s/50s": "20/-",
        "top score": "428",
        "deliveries": "17363",
        "wickets": "223",
        "bowl avg": "31.62",
        "fivefor": "11",
        "tenfor": "2",
        "best bowling": "8/171",
        "catches/stumpings": "137/3"
    },
    "clubs": {},
    "birth_date": "1953-04-01"
}