{
    "country": "Denmark",
    "fullname": "Aftab Ahmed",
    "birth_place": "Pakistan",
    "batting": "Right-handed",
    "bowling": "Right-arm Right-arm medium",
    "source": "https://cricketarchive.com/Archive/Players/9/9953/9953.html CricketArchive ",
    "List A": {
        "matches": "14",
        "runs": "315",
        "bat avg": "24.23",
        "100s/50s": "&ndash;0/2",
        "top score": "94",
        "deliveries": "156",
        "wickets": "3",
        "bowl avg": "48.33",
        "fivefor": "&ndash;",
        "tenfor": "&ndash;",
        "best bowling": "2/46",
        "catches/stumpings": "4/&ndash;"
    },
    "clubs": {
        "Denmark": "1999&ndash;2003"
    },
    "birth_date": "1967-5-17"
}