{
    "name": "Aftab Gul",
    "fullname": "Aftab Gul Khan",
    "birth_place": "Gujjar Khan, British India",
    "batting": "Right-handed",
    "bowling": "Legbreak",
    "country": "Pakistan",
    "testcap": "57",
    "testdebutagainst": "England",
    "testdebutdate": "21 February",
    "testdebutyear": "1969",
    "lasttestdate": "8 July",
    "lasttestagainst": "England",
    "lasttestyear": "1971",
    "source": "http://www.espncricinfo.com/ci/content/player/38979.html ESPNCricinfo",
    "Test": {
        "matches": "6",
        "runs": "182",
        "bat avg": "22.75",
        "100s/50s": "0/0",
        "top score": "33",
        "deliveries": "6",
        "wickets": "\u2013",
        "bowl avg": "\u2013",
        "fivefor": "\u2013",
        "tenfor": "\u2013",
        "best bowling": "\u2013",
        "catches/stumpings": "3/\u2013"
    },
    "First-class": {
        "matches": "101",
        "runs": "6,179",
        "bat avg": "36.77",
        "100s/50s": "11/42",
        "top score": "140",
        "deliveries": "745",
        "wickets": "14",
        "bowl avg": "34.50",
        "fivefor": "0",
        "tenfor": "0",
        "best bowling": "2/20",
        "catches/stumpings": "48/\u2013"
    },
    "clubs": {},
    "birth_date": "1946-3-31"
}