{
    "name": "Aftab Hussain",
    "country": "Hong Kong",
    "birth_place": "Lahore, Pakistan",
    "batting": "Right-handed",
    "bowling": "Slow left-arm Slow left-arm orthodox",
    "T20Idebutdate": "20 February",
    "T20Idebutyear": "2020",
    "T20Idebutagainst": "Malaysia",
    "T20Icap": "33",
    "lastT20Idate": "17 July",
    "lastT20Iyear": "2022",
    "lastT20Iagainst": "Uganda",
    "source": "http://www.espncricinfo.com/ci/content/player/1059925.html Cricinfo ",
    "clubs": {},
    "birth_date": "1997-11-17"
}