{
    "country": "Pakistan",
    "fullname": "Mohammad Afzal Masood",
    "birth_place": "Lahore, Punjab, Pakistan",
    "family": "Mohammad Akhtar (brother)",
    "batting": "Right-handed",
    "bowling": "Right-arm Right-arm medium",
    "source": "http://www.espncricinfo.com/ireland/content/player/39307.html Cricinfo ",
    "First-class": {
        "matches": "25",
        "runs": "1,101",
        "bat avg": "27.52",
        "100s/50s": "1/6",
        "top score": "114",
        "deliveries": "98",
        "wickets": "2",
        "bowl avg": "36.00",
        "fivefor": "\u2013",
        "tenfor": "\u2013",
        "best bowling": "1/4",
        "catches/stumpings": "20/\u2013"
    },
    "List A": {
        "matches": "5",
        "runs": "159",
        "bat avg": "31.80",
        "100s/50s": "\u2013/1",
        "top score": "69",
        "deliveries": "102",
        "wickets": "1",
        "bowl avg": "77.00",
        "fivefor": "\u2013",
        "tenfor": "\u2013",
        "best bowling": "1/42",
        "catches/stumpings": "2/\u2013"
    },
    "clubs": {
        "Ireland": "1982&ndash;1988",
        "Pakistan International Airlines": "1972/73",
        "Pakistan International Airlines A": "1971/72",
        "Lahore": "1971/72",
        "Pakistan International Airlines B": "1970/71",
        "Punjab University": "1968/69&ndash;1970/71",
        "Sargodha": "1968/69&ndash;1969/70",
        "Lahore Reds": "1967/68"
    },
    "birth_date": "1952-5-2"
}