{
    "name": "Ahmad Faiz",
    "country": "Malaysia",
    "fullname": "Ahmad Faiz Mohamad Noor",
    "batting": "Right-handed",
    "T20Idebutdate": "24 June",
    "T20Idebutyear": "2019",
    "T20Idebutagainst": "Thailand",
    "T20Icap": "1",
    "lastT20Idate": "12 March",
    "lastT20Iyear": "2023",
    "lastT20Iagainst": "Hong Kong",
    "source": "http://www.espncricinfo.com/ci/content/player/307639.html ESPNCricinfo",
    "module": "Infobox medal templates",
    "titlestyle": "background-color: lightsteelblue;",
    "expand": "yes",
    "clubs": {},
    "birth_date": "1988-2-12",
    "medaltemplates": [
        "Country: {{MAS}}",
        "Sport: Men's Cricket",
        "Competition: Southeast Asian Games",
        "Gold Medal: 2017 Kuala Lumpur 50 over",
        "Silver Medal: 2017 Kuala Lumpur Twenty20"
    ]
}