{
    "name": "Ahmed Raza",
    "country": "Pakistan",
    "fullname": "Agha Ahmed Raza Khan",
    "nickname": "Aghajan",
    "birth_place": "Jalandhar, Punjab, British India",
    "death_date": "1996",
    "death_place": "Islamabad, Islamabad Capital Territory, Pakistan",
    "batting": "Right-handed",
    "family": "Javed Burki (nephew), Asad Jahangir Khan (nephew), Majid Khan (nephew), Imran Khan (nephew)",
    "source": "http://www.espncricinfo.com/ci/content/player/39470.html Cricinfo",
    "First-class": {
        "matches": "15",
        "runs": "597",
        "bat avg": "28.42",
        "100s/50s": "1/4",
        "top score": "101",
        "catches/stumpings": "8/\u2013"
    },
    "clubs": {
        "Northern India": "1934/35\u20131945/46"
    },
    "birth_date": "1910-8-20"
}