{
    "name": "Ahmed Hamid Wardak",
    "country": "Germany",
    "birth_place": "Maidan Wardak, Afghanistan",
    "batting": "Right-handed",
    "T20Idebutdate": "11 May",
    "T20Idebutyear": "2019",
    "T20Idebutagainst": "Belgium",
    "T20Icap": "2",
    "lastT20Idate": "9 June",
    "lastT20Iyear": "2022",
    "lastT20Iagainst": "Sweden",
    "source": "http://www.espncricinfo.com/ci/content/player/1046611.html Cricinfo |bowling=Left-arm Medium",
    "clubs": {},
    "birth_date": "1988-1-13"
}