{
    "name": "Ahmed Mustafa",
    "birth_place": "Lucknow, India",
    "death_date": "2013",
    "death_place": "Karachi, Pakistan",
    "batting": "Right-handed",
    "bowling": "Right-arm Right-arm medium",
    "source": "http://www.espncricinfo.com/ci/content/player/338953.html Cricinfo",
    "First-class": {
        "matches": "16",
        "runs": "504",
        "bat avg": "24.00",
        "100s/50s": "1/3",
        "top score": "110",
        "deliveries": "108",
        "wickets": "3",
        "bowl avg": "14.00",
        "fivefor": "0",
        "tenfor": "0",
        "best bowling": "3/15",
        "catches/stumpings": "10/\u2013"
    },
    "clubs": {
        "Karachi": "1956-70",
        "Khairpur": "1959-60"
    },
    "birth_date": "1944-3-7"
}