{
    "name": "Ahmed Shah",
    "country": "Afghanistan",
    "fullname": "Ahmed Shah Ahmedzi",
    "birth_place": "Paktika Province, Afghanistan",
    "batting": "Left-handed",
    "bowling": "Slow left-arm Slow left-arm orthodox",
    "odidebutdate": "30 August",
    "odidebutyear": "2009",
    "odidebutagainst": "Netherlands",
    "odicap": "12",
    "oneodi": "true",
    "source": "http://www.cricinfo.com/other/content/player/318337.html Cricinfo ",
    "ODI": {
        "matches": "1",
        "runs": "2",
        "bat avg": "2.00",
        "100s/50s": "0/0",
        "top score": "2",
        "deliveries": "6",
        "wickets": "0",
        "bowl avg": "&ndash;",
        "fivefor": "&ndash;",
        "tenfor": "&ndash;",
        "best bowling": "&ndash;",
        "catches/stumpings": "0/&ndash;"
    },
    "First-class": {
        "matches": "2",
        "runs": "82",
        "bat avg": "20.50",
        "100s/50s": "0/0",
        "top score": "40",
        "deliveries": "84",
        "wickets": "0",
        "bowl avg": "&ndash;",
        "fivefor": "&ndash;",
        "tenfor": "&ndash;",
        "best bowling": "&ndash;",
        "catches/stumpings": "1/&ndash;"
    },
    "clubs": {},
    "birth_date": "1983-10-20"
}