{
    "name": "Ahmed Shah Pakteen",
    "country": "Afghanistan",
    "fullname": "Ahmed Shah Pakteen",
    "birth_place": "Herat, Afghanistan",
    "umpire": "true",
    "testsumpired": "2",
    "umptestdebutyr": "2021",
    "odisumpired": "30",
    "umpodidebutyr": "2017",
    "umpodilastyr": "2022",
    "t20isumpired": "25",
    "umpt20idebutyr": "2017",
    "umpt20ilastyr": "2023",
    "wodisumpired": "4",
    "umpwodidebutyr": "2022",
    "wt20isumpired": "6",
    "umpwt20idebutyr": "2018",
    "source": "http://www.espncricinfo.com/ci/content/player/604347.html ESPNcricinfo ",
    "clubs": {},
    "birth_date": "1977-1-1"
}